INSERT OR IGNORE INTO "Coupon" ("id","code","name","description","type","value","minAmount","maxDiscount","validFrom","validUntil","usageLimit","usedCount","isActive","createdAt","updatedAt") VALUES ('20f4b3a4-8527-4a8c-94ca-55969076a8f1','WELCOME10K','신규 회원 1만원 할인','신규 가입 고객 첫 구매 할인','FIXED',10000,50000,NULL,'2026-01-01T00:00:00.000Z','2026-12-31T00:00:00.000Z',100,0,1,'2026-02-20T09:36:43.910Z','2026-02-20T09:36:43.910Z');
INSERT OR IGNORE INTO "Coupon" ("id","code","name","description","type","value","minAmount","maxDiscount","validFrom","validUntil","usageLimit","usedCount","isActive","createdAt","updatedAt") VALUES ('ff702748-3e33-4451-b703-4b6e956e87d5','SALE20','20% 할인','전 상품 20% 할인','PERCENT',20,NULL,50000,'2026-01-01T00:00:00.000Z','2026-12-31T00:00:00.000Z',NULL,0,1,'2026-02-20T09:36:43.916Z','2026-02-20T09:36:43.916Z');
INSERT OR IGNORE INTO "Coupon" ("id","code","name","description","type","value","minAmount","maxDiscount","validFrom","validUntil","usageLimit","usedCount","isActive","createdAt","updatedAt") VALUES ('88f27241-b7fb-48ba-85a8-457b26824c30','FREESHIP','무료 배송','배송비 무료','FREE_SHIPPING',0,NULL,NULL,'2026-01-01T00:00:00.000Z','2026-12-31T00:00:00.000Z',NULL,0,1,'2026-02-20T09:36:43.921Z','2026-02-20T09:36:43.921Z');
INSERT OR IGNORE INTO "Coupon" ("id","code","name","description","type","value","minAmount","maxDiscount","validFrom","validUntil","usageLimit","usedCount","isActive","createdAt","updatedAt") VALUES ('0ba67b24-eea4-4463-9583-474d09d4d3a2','WELCOME2026','신규 회원 환영 쿠폰',NULL,'PERCENT',10,50000,10000,'2026-02-23T04:30:40.166Z','2026-03-25T04:30:40.166Z',100,0,1,'2026-02-23T04:30:40.168Z','2026-02-23T04:30:40.168Z');
INSERT OR IGNORE INTO "User" ("id","email","nickname","password","name","phone","role","securetQrUrl","emailVerified","image","createdAt","updatedAt") VALUES ('de8dbc89-cac2-47a2-8c77-8084159433a8','admin@livecommerce.com',NULL,'$2a$10$hkVPEk5DqDRAtfgj.jHkaeZHpZTkGN83tXJTIVIj1greLM1Z6ciVa','플랫폼 관리자','010-1234-5678','ADMIN',NULL,NULL,NULL,'2026-02-17T23:21:32.564Z','2026-02-17T23:21:32.564Z');
INSERT OR IGNORE INTO "User" ("id","email","nickname","password","name","phone","role","securetQrUrl","emailVerified","image","createdAt","updatedAt") VALUES ('c2b4f029-7c91-4a42-9fa4-3e5db61ee416','partner@example.com',NULL,'$2a$10$YlA0znlLwW4mRucvhQDtKunvwMsSInKUne.XS0R5ARZkabYOuM2Lq','김스트리머','010-9876-5432','PARTNER',NULL,NULL,NULL,'2026-02-17T23:21:32.692Z','2026-02-17T23:21:32.692Z');
INSERT OR IGNORE INTO "User" ("id","email","nickname","password","name","phone","role","securetQrUrl","emailVerified","image","createdAt","updatedAt") VALUES ('90a89c58-5d4b-485e-b254-6d365b0df655','customer@example.com',NULL,'$2a$10$78smSdJE7it0BO0txeoRUeUoRw8eMB3pVB2QgqXDRMlD1gh.I37N.','홍길동','010-1111-2222','CUSTOMER',NULL,NULL,NULL,'2026-02-17T23:21:32.936Z','2026-02-17T23:21:32.936Z');
INSERT OR IGNORE INTO "User" ("id","email","nickname","password","name","phone","role","securetQrUrl","emailVerified","image","createdAt","updatedAt") VALUES ('e1f90c6c-ed0d-4571-a7aa-1817eaf3f1a1','test@example.com',NULL,'$2a$10$DFxoYLCmAvtGl1PjKEUhYOb9kbVVMTT7m48DOk931vXUAo16.S5pq','테스트 사용자','010-1234-5678','CUSTOMER',NULL,NULL,NULL,'2026-02-19T18:16:59.258Z','2026-02-19T18:16:59.258Z');
INSERT OR IGNORE INTO "User" ("id","email","nickname","password","name","phone","role","securetQrUrl","emailVerified","image","createdAt","updatedAt") VALUES ('d2193260-8071-461d-923b-c52fb13e6482','test2@example.com',NULL,'$2a$10$91B8cSXjdD4lYABkYCC1MONYm4G.ws2Kv2LCBJj43CaTzztodY3G.','테스트2',NULL,'CUSTOMER',NULL,NULL,NULL,'2026-02-19T18:17:12.127Z','2026-02-19T18:17:12.127Z');
INSERT OR IGNORE INTO "User" ("id","email","nickname","password","name","phone","role","securetQrUrl","emailVerified","image","createdAt","updatedAt") VALUES ('14800da9-4ef1-4dd5-a819-b4f32391cf3e','admin@example.com',NULL,'$2a$10$kvnBdIo2c6kjZuD2lh/9teg7mYZ0uoefC8HjSpXM.M0aP/n..dwKa','관리자','010-0000-0000','ADMIN',NULL,NULL,NULL,'2026-02-19T21:51:25.822Z','2026-02-19T21:51:25.822Z');
INSERT OR IGNORE INTO "User" ("id","email","nickname","password","name","phone","role","securetQrUrl","emailVerified","image","createdAt","updatedAt") VALUES ('224d8878-7956-404a-94fc-7ee823ac14f0','hbcu00987@gmail.com',NULL,'$2a$10$LYZ8MFMZgitCFeDrcRpRfuoJcNoI1966E51hKuwpWcPvb448R1F2q','원용진','01020138270','CUSTOMER',NULL,NULL,NULL,'2026-02-22T08:58:23.047Z','2026-02-22T08:58:23.047Z');
INSERT OR IGNORE INTO "User" ("id","email","nickname","password","name","phone","role","securetQrUrl","emailVerified","image","createdAt","updatedAt") VALUES ('e19cca7d-8c4c-423d-b9c4-950a6a14d764','partner@livecommerce.com',NULL,'$2a$10$UNDKDTjwCB/iNrhjrukLpuK72rEIrFZWDydqS997/rsaqAZiabvUa','파트너','010-1111-1111','PARTNER',NULL,NULL,NULL,'2026-02-23T03:20:56.291Z','2026-02-23T03:20:56.291Z');
INSERT OR IGNORE INTO "User" ("id","email","nickname","password","name","phone","role","securetQrUrl","emailVerified","image","createdAt","updatedAt") VALUES ('7c9c9232-7dd6-4827-98d1-e3b93b6585cd','beautifulnina1857@gmail.com',NULL,'$2a$10$4WIO4r16pVzlYvMyGXZEAuRB8tkqloUfgVEGTikfsO7ezi9cjEemS','황니나','01053075287','CUSTOMER',NULL,NULL,NULL,'2026-02-23T08:30:01.714Z','2026-02-23T08:30:01.714Z');
INSERT OR IGNORE INTO "User" ("id","email","nickname","password","name","phone","role","securetQrUrl","emailVerified","image","createdAt","updatedAt") VALUES ('9e053049-33c0-4363-97e3-d2cfa77a8f05','partner1@example.com',NULL,'password123','김판매',NULL,'PARTNER',NULL,NULL,NULL,'2026-02-23T09:25:29.431Z','2026-02-23T09:25:29.431Z');
INSERT OR IGNORE INTO "User" ("id","email","nickname","password","name","phone","role","securetQrUrl","emailVerified","image","createdAt","updatedAt") VALUES ('b69c9d3e-422a-497c-a85e-dd4f23dbb008','partner2@example.com',NULL,'password123','이스트림',NULL,'PARTNER',NULL,NULL,NULL,'2026-02-23T09:25:29.440Z','2026-02-23T09:25:29.440Z');
INSERT OR IGNORE INTO "User" ("id","email","nickname","password","name","phone","role","securetQrUrl","emailVerified","image","createdAt","updatedAt") VALUES ('60f7ca61-238b-4c15-8bd5-0a22065f36c4','partner3@example.com',NULL,'password123','박라이브',NULL,'PARTNER',NULL,NULL,NULL,'2026-02-23T09:25:29.444Z','2026-02-23T09:25:29.444Z');
INSERT OR IGNORE INTO "User" ("id","email","nickname","password","name","phone","role","securetQrUrl","emailVerified","image","createdAt","updatedAt") VALUES ('21301be9-528f-4d60-bcd1-5398ad25e343','seven47@naver.com',NULL,'$2a$10$vFNRQPXj6lMuMpIacORL7O.ggpf74hwZwS7c.uWuzSBZ7p54BuWf2','차정욱','01033486477','CUSTOMER',NULL,NULL,NULL,'2026-02-23T10:19:37.123Z','2026-02-23T10:19:37.123Z');
INSERT OR IGNORE INTO "User" ("id","email","nickname","password","name","phone","role","securetQrUrl","emailVerified","image","createdAt","updatedAt") VALUES ('9cc6a998-3dbd-4a5b-9a52-57b5cff20072','rolex18k@naver.com',NULL,'$2a$10$RVoMYCnafD/CMhkFE5iJoOhLwkawDXLfGTumcyXQEhAL6Jxj6tM9G','노성규','01089272737','CUSTOMER',NULL,NULL,NULL,'2026-02-23T10:19:46.036Z','2026-02-23T10:19:46.036Z');
INSERT OR IGNORE INTO "User" ("id","email","nickname","password","name","phone","role","securetQrUrl","emailVerified","image","createdAt","updatedAt") VALUES ('2c8155d9-430e-4282-b8be-7267b7ccafc5','admin@qrlive.io',NULL,'$2a$10$UycLm09XOJNrAN0U0Lo3a.4kKTs0kL.5yeA90MtpmZ3f3kKgLlPHy','큐라이브 관리자',NULL,'ADMIN',NULL,NULL,NULL,'2026-02-28T08:49:17.768Z','2026-02-28T08:49:17.768Z');
INSERT OR IGNORE INTO "User" ("id","email","nickname","password","name","phone","role","securetQrUrl","emailVerified","image","createdAt","updatedAt") VALUES ('28d1ff08-9220-4d2c-912d-bb0c00247ac3',NULL,'원용진','$2a$10$WCgJK/3w2cV42BlGhEXv/OcEaOxiw8X1abOE93dBLT4CbxrdwhERK','원용진',NULL,'CUSTOMER','https://securet.kr/securet.php?key=idcard&nick=steve+kwon&token=eAtklQwtS8-jOu_0VsZ7lN:APA91bGq8oIm8eoIbhymNf5lQfF2bEjL6h1-7yqg1M9lLOWRG6JE3KyUtgC1b-VfITYaBIZ4PaPAKcXPVjoIk_rzHt9wXh0unrybzAhPwWin8JC8xX2e2Se2mCLhWlwFSPZMe3Sxl32Z&voip=null&os=android',NULL,NULL,'2026-03-09T03:56:43.447Z','2026-03-09T03:56:43.447Z');
INSERT OR IGNORE INTO "Category" ("id","name","slug","description","parentId","createdAt","updatedAt") VALUES ('60016061-5572-4b6d-9275-77d2bea3d049','뷰티','beauty','뷰티 제품 모음',NULL,'2026-02-17T23:21:32.703Z','2026-02-17T23:21:32.703Z');
INSERT OR IGNORE INTO "Category" ("id","name","slug","description","parentId","createdAt","updatedAt") VALUES ('26f3c212-8579-4b7c-a493-d9e8c22cf89f','패션','fashion','트렌디한 패션 아이템',NULL,'2026-02-17T23:21:32.703Z','2026-02-17T23:21:32.703Z');
INSERT OR IGNORE INTO "Category" ("id","name","slug","description","parentId","createdAt","updatedAt") VALUES ('de327742-e438-44e6-a78c-db42b44e1343','식품','food','신선한 식품',NULL,'2026-02-17T23:21:32.703Z','2026-02-17T23:21:32.703Z');
INSERT OR IGNORE INTO "Category" ("id","name","slug","description","parentId","createdAt","updatedAt") VALUES ('6e058210-f7c9-4b4a-8481-083bb228f543','전자제품','electronics','최신 전자제품 모음',NULL,'2026-02-17T23:21:32.703Z','2026-02-17T23:21:32.703Z');
INSERT OR IGNORE INTO "Partner" ("id","userId","storeName","storeSlug","description","logo","banner","commissionRate","youtubeUrl","africaTvUrl","instagramUrl","tiktokUrl","naverShoppingUrl","coupangUrl","isActive","createdAt","updatedAt") VALUES ('22124e96-ad31-4adc-8b36-e5ac68eb04b5','c2b4f029-7c91-4a42-9fa4-3e5db61ee416','김스트리머의 라이브샵','kimstreamer','라이브로 소통하며 판매하는 즐거운 쇼핑!',NULL,NULL,30,'https://youtube.com/@kimstreamer','https://afreecatv.com/kimstreamer',NULL,NULL,NULL,NULL,1,'2026-02-17T23:21:32.697Z','2026-02-17T23:21:32.697Z');
INSERT OR IGNORE INTO "Partner" ("id","userId","storeName","storeSlug","description","logo","banner","commissionRate","youtubeUrl","africaTvUrl","instagramUrl","tiktokUrl","naverShoppingUrl","coupangUrl","isActive","createdAt","updatedAt") VALUES ('ee99b9c3-bb07-4b3b-ac45-f7b2eebb8eaf','9e053049-33c0-4363-97e3-d2cfa77a8f05','김판매 스토어','kim-store','최저가 보장! 믿을 수 있는 정품만 판매합니다',NULL,NULL,25,'https://youtube.com/@kimstore',NULL,'https://instagram.com/kimstore',NULL,NULL,NULL,1,'2026-02-23T09:25:29.448Z','2026-02-23T09:25:29.448Z');
INSERT OR IGNORE INTO "Partner" ("id","userId","storeName","storeSlug","description","logo","banner","commissionRate","youtubeUrl","africaTvUrl","instagramUrl","tiktokUrl","naverShoppingUrl","coupangUrl","isActive","createdAt","updatedAt") VALUES ('61e60d61-f1e5-415c-8758-1711926211f2','b69c9d3e-422a-497c-a85e-dd4f23dbb008','이스트림 샵','lee-shop','라이브 방송으로 더 저렴하게! 실시간 특가 진행중',NULL,NULL,30,NULL,'https://afreecatv.com/leeshop',NULL,NULL,'https://smartstore.naver.com/leeshop',NULL,1,'2026-02-23T09:25:29.455Z','2026-02-23T09:25:29.455Z');
INSERT OR IGNORE INTO "Partner" ("id","userId","storeName","storeSlug","description","logo","banner","commissionRate","youtubeUrl","africaTvUrl","instagramUrl","tiktokUrl","naverShoppingUrl","coupangUrl","isActive","createdAt","updatedAt") VALUES ('005d22f8-332f-446b-98c4-e86c84ee807b','60f7ca61-238b-4c15-8bd5-0a22065f36c4','박라이브 마켓','park-market','검증된 상품만! 100% 정품 인증',NULL,NULL,28,NULL,NULL,NULL,'https://tiktok.com/@parkmarket',NULL,'https://coupang.com/vp/vendors/parkmarket',1,'2026-02-23T09:25:29.460Z','2026-02-23T09:25:29.460Z');
INSERT OR IGNORE INTO "Product" ("id","name","slug","description","detailContent","price","comparePrice","stock","sku","images","detailImages","thumbnail","specifications","shippingInfo","returnInfo","categoryId","isActive","isFeatured","createdAt","updatedAt") VALUES ('62ccd9c5-fdc4-41e6-a8ed-bee373eb0196','스마트워치 X1','smart-watch-x1','건강 관리 기능이 강화된 스마트워치',NULL,249000,299000,46,'SMW-001','["https://images.unsplash.com/photo-1505740420928-5e560c06d30e?w=800&h=800&fit=crop","https://images.unsplash.com/photo-1572635196237-14b3f281503f?w=800&h=800&fit=crop","https://images.unsplash.com/photo-1546868871-7041f2a55e12?w=800&h=800&fit=crop"]',NULL,'https://images.unsplash.com/photo-1505740420928-5e560c06d30e?w=800&h=800&fit=crop',NULL,NULL,NULL,'6e058210-f7c9-4b4a-8481-083bb228f543',1,1,'2026-02-17T23:21:32.730Z','2026-02-23T04:21:54.357Z');
INSERT OR IGNORE INTO "Product" ("id","name","slug","description","detailContent","price","comparePrice","stock","sku","images","detailImages","thumbnail","specifications","shippingInfo","returnInfo","categoryId","isActive","isFeatured","createdAt","updatedAt") VALUES ('e8815c29-6eeb-41af-bfa5-d8a61a99bac7','비타민C 세럼','vitamin-c-serum','피부 톤 개선에 효과적인 비타민C 세럼',NULL,39000,49000,150,'BTY-001','["https://images.unsplash.com/photo-1522335789203-aabd1fc54bc9?w=800&h=800&fit=crop","https://images.unsplash.com/photo-1596462502278-27bfdc403348?w=800&h=800&fit=crop","https://images.unsplash.com/photo-1620916566398-39f1143ab7be?w=800&h=800&fit=crop"]',NULL,'https://images.unsplash.com/photo-1522335789203-aabd1fc54bc9?w=800&h=800&fit=crop',NULL,NULL,NULL,'60016061-5572-4b6d-9275-77d2bea3d049',1,1,'2026-02-17T23:21:32.731Z','2026-02-22T15:42:09.172Z');
INSERT OR IGNORE INTO "Product" ("id","name","slug","description","detailContent","price","comparePrice","stock","sku","images","detailImages","thumbnail","specifications","shippingInfo","returnInfo","categoryId","isActive","isFeatured","createdAt","updatedAt") VALUES ('0417ac5f-ccb3-4ae1-92a5-5b781953af32','유기농 꿀','organic-honey','100% 국내산 유기농 꿀',NULL,45000,55000,80,'FD-001','["https://images.unsplash.com/photo-1526170375885-4d8ecf77b99f?w=800&h=800&fit=crop","https://images.unsplash.com/photo-1505740420928-5e560c06d30e?w=800&h=800&fit=crop","https://images.unsplash.com/photo-1523275335684-37898b6baf30?w=800&h=800&fit=crop"]',NULL,'https://images.unsplash.com/photo-1526170375885-4d8ecf77b99f?w=800&h=800&fit=crop',NULL,NULL,NULL,'de327742-e438-44e6-a78c-db42b44e1343',1,0,'2026-02-17T23:21:32.735Z','2026-02-22T15:42:09.176Z');
INSERT OR IGNORE INTO "Product" ("id","name","slug","description","detailContent","price","comparePrice","stock","sku","images","detailImages","thumbnail","specifications","shippingInfo","returnInfo","categoryId","isActive","isFeatured","createdAt","updatedAt") VALUES ('c685fe28-e7e4-4873-af60-40d531d35c95','무선 이어버드 Pro','wireless-earbuds-pro','노이즈 캔슬링 기능이 있는 프리미엄 무선 이어버드',NULL,129000,159000,100,'WEB-001','["https://images.unsplash.com/photo-1505740420928-5e560c06d30e?w=800&h=800&fit=crop","https://images.unsplash.com/photo-1572635196237-14b3f281503f?w=800&h=800&fit=crop","https://images.unsplash.com/photo-1546868871-7041f2a55e12?w=800&h=800&fit=crop"]',NULL,'https://images.unsplash.com/photo-1505740420928-5e560c06d30e?w=800&h=800&fit=crop',NULL,NULL,NULL,'6e058210-f7c9-4b4a-8481-083bb228f543',1,1,'2026-02-17T23:21:32.730Z','2026-02-22T15:42:09.180Z');
INSERT OR IGNORE INTO "Product" ("id","name","slug","description","detailContent","price","comparePrice","stock","sku","images","detailImages","thumbnail","specifications","shippingInfo","returnInfo","categoryId","isActive","isFeatured","createdAt","updatedAt") VALUES ('3bab0308-333d-4ed4-bcb0-ec02231a703c','프리미엄 후드티','premium-hoodie','편안한 착용감의 프리미엄 후드티',NULL,59000,79000,200,'FSH-001','["https://images.unsplash.com/photo-1529374255404-311a2a4f1fd9?w=800&h=800&fit=crop","https://images.unsplash.com/photo-1523381210434-271e8be1f52b?w=800&h=800&fit=crop","https://images.unsplash.com/photo-1591047139829-d91aecb6caea?w=800&h=800&fit=crop"]',NULL,'https://images.unsplash.com/photo-1529374255404-311a2a4f1fd9?w=800&h=800&fit=crop',NULL,NULL,NULL,'26f3c212-8579-4b7c-a493-d9e8c22cf89f',1,0,'2026-02-17T23:21:32.731Z','2026-02-22T15:42:09.184Z');
INSERT OR IGNORE INTO "Product" ("id","name","slug","description","detailContent","price","comparePrice","stock","sku","images","detailImages","thumbnail","specifications","shippingInfo","returnInfo","categoryId","isActive","isFeatured","createdAt","updatedAt") VALUES ('ca5fd8e6-c061-41b7-9bee-6380ecfb45cd','갤럭시 스마트폰 S24','galaxy-s24','최신 갤럭시 스마트폰',NULL,990000,1200000,50,NULL,'["/images/products/phone1.jpg"]',NULL,'/images/products/phone1.jpg',NULL,NULL,NULL,'6e058210-f7c9-4b4a-8481-083bb228f543',1,1,'2026-02-23T08:11:46.554Z','2026-02-23T08:11:46.554Z');
INSERT OR IGNORE INTO "Product" ("id","name","slug","description","detailContent","price","comparePrice","stock","sku","images","detailImages","thumbnail","specifications","shippingInfo","returnInfo","categoryId","isActive","isFeatured","createdAt","updatedAt") VALUES ('bfc20e4c-90ef-4c51-909a-ad73ebc4c820','맥북 프로 M3','macbook-pro-m3','Apple 맥북 프로',NULL,2200000,2500000,30,NULL,'["/images/products/laptop1.jpg"]',NULL,'/images/products/laptop1.jpg',NULL,NULL,NULL,'6e058210-f7c9-4b4a-8481-083bb228f543',1,1,'2026-02-23T08:11:46.567Z','2026-02-23T08:11:46.567Z');
INSERT OR IGNORE INTO "Product" ("id","name","slug","description","detailContent","price","comparePrice","stock","sku","images","detailImages","thumbnail","specifications","shippingInfo","returnInfo","categoryId","isActive","isFeatured","createdAt","updatedAt") VALUES ('26b70b71-3842-48a8-bf44-fb8258e37db3','프리미엄 스킨케어 세트','skincare-set','럭셔리 스킨케어',NULL,150000,180000,100,NULL,'["/images/products/beauty1.jpg"]',NULL,'/images/products/beauty1.jpg',NULL,NULL,NULL,'60016061-5572-4b6d-9275-77d2bea3d049',1,0,'2026-02-23T08:11:46.573Z','2026-02-23T08:11:46.573Z');
INSERT OR IGNORE INTO "Product" ("id","name","slug","description","detailContent","price","comparePrice","stock","sku","images","detailImages","thumbnail","specifications","shippingInfo","returnInfo","categoryId","isActive","isFeatured","createdAt","updatedAt") VALUES ('3af80624-42a8-4c5f-85b1-94730fdcf5ee','유기농 견과류 선물세트','organic-nuts','건강한 유기농 견과류',NULL,45000,50000,200,NULL,'["/images/products/food1.jpg"]',NULL,'/images/products/food1.jpg',NULL,NULL,NULL,'de327742-e438-44e6-a78c-db42b44e1343',1,0,'2026-02-23T08:11:46.577Z','2026-02-23T08:11:46.577Z');
INSERT OR IGNORE INTO "Product" ("id","name","slug","description","detailContent","price","comparePrice","stock","sku","images","detailImages","thumbnail","specifications","shippingInfo","returnInfo","categoryId","isActive","isFeatured","createdAt","updatedAt") VALUES ('cc45b03e-f3a9-4909-b01e-91bfa8bba185','명품 레더 재킷','leather-jacket','이탈리아 수입 레더',NULL,790000,890000,20,NULL,'["/images/products/fashion1.jpg"]',NULL,'/images/products/fashion1.jpg',NULL,NULL,NULL,'26f3c212-8579-4b7c-a493-d9e8c22cf89f',1,1,'2026-02-23T08:11:46.583Z','2026-02-23T08:11:46.583Z');
INSERT OR IGNORE INTO "Product" ("id","name","slug","description","detailContent","price","comparePrice","stock","sku","images","detailImages","thumbnail","specifications","shippingInfo","returnInfo","categoryId","isActive","isFeatured","createdAt","updatedAt") VALUES ('9c024828-8d13-4ec9-a84a-44cbfb4d196d','큐라이브 테스트 상품','---1772268611163','QR 코드를 통해 실시간으로 구매 가능한 테스트 상품입니다.',NULL,29900,NULL,100,NULL,'["https://via.placeholder.com/800x800.png?text=QRLIVE+Test+Product"]',NULL,'https://via.placeholder.com/800x800.png?text=QRLIVE+Test+Product',NULL,NULL,NULL,'60016061-5572-4b6d-9275-77d2bea3d049',1,0,'2026-02-28T08:50:11.167Z','2026-02-28T08:50:11.167Z');
INSERT OR IGNORE INTO "PartnerProduct" ("id","partnerId","productId","customPrice","isActive","createdAt","updatedAt") VALUES ('b6511af5-9a25-4b1d-bb77-70aa7abf04b4','22124e96-ad31-4adc-8b36-e5ac68eb04b5','c685fe28-e7e4-4873-af60-40d531d35c95',NULL,1,'2026-02-17T23:21:32.773Z','2026-02-17T23:21:32.773Z');
INSERT OR IGNORE INTO "PartnerProduct" ("id","partnerId","productId","customPrice","isActive","createdAt","updatedAt") VALUES ('7097585f-8a84-4a71-bb11-0cb80d2e2af6','22124e96-ad31-4adc-8b36-e5ac68eb04b5','62ccd9c5-fdc4-41e6-a8ed-bee373eb0196',NULL,1,'2026-02-17T23:21:32.773Z','2026-02-17T23:21:32.773Z');
INSERT OR IGNORE INTO "PartnerProduct" ("id","partnerId","productId","customPrice","isActive","createdAt","updatedAt") VALUES ('0422db94-8911-49aa-bd97-be7912fb5aa7','22124e96-ad31-4adc-8b36-e5ac68eb04b5','3bab0308-333d-4ed4-bcb0-ec02231a703c',NULL,1,'2026-02-17T23:21:32.773Z','2026-02-17T23:21:32.773Z');
INSERT OR IGNORE INTO "PartnerProduct" ("id","partnerId","productId","customPrice","isActive","createdAt","updatedAt") VALUES ('171813d9-ab67-4167-80f4-19c1611fe052','ee99b9c3-bb07-4b3b-ac45-f7b2eebb8eaf','ca5fd8e6-c061-41b7-9bee-6380ecfb45cd',980000,1,'2026-02-23T09:25:29.468Z','2026-02-23T09:25:29.468Z');
INSERT OR IGNORE INTO "PartnerProduct" ("id","partnerId","productId","customPrice","isActive","createdAt","updatedAt") VALUES ('efe6bf60-8709-46f3-b2de-2cecf678cd61','61e60d61-f1e5-415c-8758-1711926211f2','ca5fd8e6-c061-41b7-9bee-6380ecfb45cd',990000,1,'2026-02-23T09:25:29.472Z','2026-02-23T09:25:29.472Z');
INSERT OR IGNORE INTO "PartnerProduct" ("id","partnerId","productId","customPrice","isActive","createdAt","updatedAt") VALUES ('27373b55-3126-4c84-a671-4ca5d9bbd0de','005d22f8-332f-446b-98c4-e86c84ee807b','ca5fd8e6-c061-41b7-9bee-6380ecfb45cd',995000,1,'2026-02-23T09:25:29.477Z','2026-02-23T09:25:29.477Z');
INSERT OR IGNORE INTO "PartnerProduct" ("id","partnerId","productId","customPrice","isActive","createdAt","updatedAt") VALUES ('b77ef6ee-9d61-44fd-b405-0a49ab70fb7d','ee99b9c3-bb07-4b3b-ac45-f7b2eebb8eaf','bfc20e4c-90ef-4c51-909a-ad73ebc4c820',2180000,1,'2026-02-23T09:25:29.480Z','2026-02-23T09:25:29.480Z');
INSERT OR IGNORE INTO "PartnerProduct" ("id","partnerId","productId","customPrice","isActive","createdAt","updatedAt") VALUES ('6e28aa91-7588-4f46-b9f6-3ae442c6c54f','005d22f8-332f-446b-98c4-e86c84ee807b','bfc20e4c-90ef-4c51-909a-ad73ebc4c820',2200000,1,'2026-02-23T09:25:29.484Z','2026-02-23T09:25:29.484Z');
INSERT OR IGNORE INTO "PartnerProduct" ("id","partnerId","productId","customPrice","isActive","createdAt","updatedAt") VALUES ('df4bd9ce-ec58-4ef9-8ce2-f06be943e0c1','61e60d61-f1e5-415c-8758-1711926211f2','26b70b71-3842-48a8-bf44-fb8258e37db3',145000,1,'2026-02-23T09:25:29.488Z','2026-02-23T09:25:29.488Z');
INSERT OR IGNORE INTO "PartnerProduct" ("id","partnerId","productId","customPrice","isActive","createdAt","updatedAt") VALUES ('2b73d3f9-fd10-4b1a-8438-55765c65df44','005d22f8-332f-446b-98c4-e86c84ee807b','26b70b71-3842-48a8-bf44-fb8258e37db3',150000,1,'2026-02-23T09:25:29.492Z','2026-02-23T09:25:29.492Z');
INSERT OR IGNORE INTO "PartnerProduct" ("id","partnerId","productId","customPrice","isActive","createdAt","updatedAt") VALUES ('86046889-d76e-417f-a804-a38d3b3367f7','ee99b9c3-bb07-4b3b-ac45-f7b2eebb8eaf','3af80624-42a8-4c5f-85b1-94730fdcf5ee',43000,1,'2026-02-23T09:25:29.495Z','2026-02-23T09:25:29.495Z');
INSERT OR IGNORE INTO "PartnerProduct" ("id","partnerId","productId","customPrice","isActive","createdAt","updatedAt") VALUES ('8c5f9bfc-b7a3-44ef-a747-a758529df78c','61e60d61-f1e5-415c-8758-1711926211f2','3af80624-42a8-4c5f-85b1-94730fdcf5ee',45000,1,'2026-02-23T09:25:29.499Z','2026-02-23T09:25:29.499Z');
INSERT OR IGNORE INTO "PartnerProduct" ("id","partnerId","productId","customPrice","isActive","createdAt","updatedAt") VALUES ('bd16f02c-0d79-4bf1-8715-1a8fd2dc75d0','005d22f8-332f-446b-98c4-e86c84ee807b','3af80624-42a8-4c5f-85b1-94730fdcf5ee',44000,1,'2026-02-23T09:25:29.503Z','2026-02-23T09:25:29.503Z');
INSERT OR IGNORE INTO "PartnerProduct" ("id","partnerId","productId","customPrice","isActive","createdAt","updatedAt") VALUES ('7d7f84c9-b1ef-4a96-8664-e2345166dec1','ee99b9c3-bb07-4b3b-ac45-f7b2eebb8eaf','cc45b03e-f3a9-4909-b01e-91bfa8bba185',780000,1,'2026-02-23T09:25:29.507Z','2026-02-23T09:25:29.507Z');
INSERT OR IGNORE INTO "PartnerProduct" ("id","partnerId","productId","customPrice","isActive","createdAt","updatedAt") VALUES ('b65a4856-c37e-4f57-919c-a0db14c7a765','61e60d61-f1e5-415c-8758-1711926211f2','cc45b03e-f3a9-4909-b01e-91bfa8bba185',790000,1,'2026-02-23T09:25:29.511Z','2026-02-23T09:25:29.511Z');
INSERT OR IGNORE INTO "LiveStream" ("id","partnerId","title","description","thumbnail","streamUrl","youtubeUrl","platform","productIds","scheduledAt","startedAt","endedAt","isLive","status","viewCount","peakViewers","specialDiscount","createdAt","updatedAt") VALUES ('fec09abf-4fe9-47db-b7a3-1f1736ed7450','22124e96-ad31-4adc-8b36-e5ac68eb04b5','🔴 신상품 출시 기념 라이브 쇼핑!','오늘만 특별 할인! 실시간 채팅으로 질문 주세요 😊','https://via.placeholder.com/1280x720/FF0000/FFFFFF?text=LIVE','https://www.youtube.com/watch?v=dQw4w9WgXcQ','https://www.youtube.com/watch?v=dQw4w9WgXcQ','youtube',NULL,NULL,'2026-02-20T10:11:23.581Z',NULL,1,'LIVE',4,0,20,'2026-02-20T10:11:23.583Z','2026-02-21T06:13:52.279Z');
INSERT OR IGNORE INTO "Order" ("id","orderNumber","userId","partnerId","liveStreamId","couponId","subtotal","discount","shippingFee","total","partnerRevenue","platformRevenue","partnerProfit","status","shippingName","shippingPhone","shippingAddress","shippingZipCode","shippingMemo","paymentMethod","paidAt","createdAt","updatedAt") VALUES ('9cbd5312-74ea-4631-a82c-805372ba2568','ORD-1771370492940','90a89c58-5d4b-485e-b254-6d365b0df655','22124e96-ad31-4adc-8b36-e5ac68eb04b5',NULL,NULL,129000,0,3000,132000,39600,92400,0,'CONFIRMED','홍길동','010-1111-2222','서울시 강남구 테헤란로 123','06234',NULL,'card','2026-02-17T23:21:32.940Z','2026-02-17T23:21:32.943Z','2026-02-17T23:21:32.943Z');
INSERT OR IGNORE INTO "Order" ("id","orderNumber","userId","partnerId","liveStreamId","couponId","subtotal","discount","shippingFee","total","partnerRevenue","platformRevenue","partnerProfit","status","shippingName","shippingPhone","shippingAddress","shippingZipCode","shippingMemo","paymentMethod","paidAt","createdAt","updatedAt") VALUES ('1601775f-9448-49f6-a2d7-64ce8ab5df13','ORD-1771481586912','90a89c58-5d4b-485e-b254-6d365b0df655','22124e96-ad31-4adc-8b36-e5ac68eb04b5',NULL,NULL,129000,0,3000,132000,39600,92400,0,'CONFIRMED','홍길동','010-1111-2222','서울시 강남구 테헤란로 123','06234',NULL,'card','2026-02-19T06:13:06.912Z','2026-02-19T06:13:06.913Z','2026-02-19T06:13:06.913Z');
INSERT OR IGNORE INTO "Order" ("id","orderNumber","userId","partnerId","liveStreamId","couponId","subtotal","discount","shippingFee","total","partnerRevenue","platformRevenue","partnerProfit","status","shippingName","shippingPhone","shippingAddress","shippingZipCode","shippingMemo","paymentMethod","paidAt","createdAt","updatedAt") VALUES ('bef2d5fe-8e34-4948-bc1a-ad069baf628c','ORD-1771819057476','224d8878-7956-404a-94fc-7ee823ac14f0',NULL,NULL,NULL,747000,0,3000,750000,NULL,NULL,0,'PENDING','홍길동','010-1234-5678','서울시 강남구 테헤란로 123','06234','문 앞에 놔주세요','card',NULL,'2026-02-23T03:57:37.481Z','2026-02-23T03:57:37.481Z');
INSERT OR IGNORE INTO "Order" ("id","orderNumber","userId","partnerId","liveStreamId","couponId","subtotal","discount","shippingFee","total","partnerRevenue","platformRevenue","partnerProfit","status","shippingName","shippingPhone","shippingAddress","shippingZipCode","shippingMemo","paymentMethod","paidAt","createdAt","updatedAt") VALUES ('c27787c1-61a5-4380-b9c0-3009dbc885b2','ORD-1771820514349','224d8878-7956-404a-94fc-7ee823ac14f0',NULL,NULL,NULL,249000,0,3000,252000,NULL,NULL,0,'PENDING','테스트 고객','010-1234-5678','서울시 강남구 테헤란로 123','06234',NULL,'card',NULL,'2026-02-23T04:21:54.352Z','2026-02-23T04:21:54.352Z');
INSERT OR IGNORE INTO "OrderItem" ("id","orderId","productId","quantity","price","createdAt","updatedAt") VALUES ('1be951f5-a1ed-4ea2-a47c-50757414b803','9cbd5312-74ea-4631-a82c-805372ba2568','c685fe28-e7e4-4873-af60-40d531d35c95',1,129000,'2026-02-17T23:21:32.943Z','2026-02-17T23:21:32.943Z');
INSERT OR IGNORE INTO "OrderItem" ("id","orderId","productId","quantity","price","createdAt","updatedAt") VALUES ('dd8e870e-53ba-4a09-9379-c395d45da60f','1601775f-9448-49f6-a2d7-64ce8ab5df13','c685fe28-e7e4-4873-af60-40d531d35c95',1,129000,'2026-02-19T06:13:06.913Z','2026-02-19T06:13:06.913Z');
INSERT OR IGNORE INTO "OrderItem" ("id","orderId","productId","quantity","price","createdAt","updatedAt") VALUES ('063f92ef-5b98-4a1b-b569-e8b3237fa67d','bef2d5fe-8e34-4948-bc1a-ad069baf628c','62ccd9c5-fdc4-41e6-a8ed-bee373eb0196',3,249000,'2026-02-23T03:57:37.481Z','2026-02-23T03:57:37.481Z');
INSERT OR IGNORE INTO "OrderItem" ("id","orderId","productId","quantity","price","createdAt","updatedAt") VALUES ('d9a0c8b9-c33f-4eb0-b095-5bdb98a4f70c','c27787c1-61a5-4380-b9c0-3009dbc885b2','62ccd9c5-fdc4-41e6-a8ed-bee373eb0196',1,249000,'2026-02-23T04:21:54.352Z','2026-02-23T04:21:54.352Z');
INSERT OR IGNORE INTO "CartItem" ("id","userId","productId","quantity","createdAt","updatedAt") VALUES ('a87839d8-95ca-4f83-9b26-9fc77e991832','c2b4f029-7c91-4a42-9fa4-3e5db61ee416','0417ac5f-ccb3-4ae1-92a5-5b781953af32',1,'2026-02-22T00:38:11.548Z','2026-02-22T00:38:11.548Z');
INSERT OR IGNORE INTO "CartItem" ("id","userId","productId","quantity","createdAt","updatedAt") VALUES ('a827ebc0-dcfb-4118-9781-8b0250d486b5','c2b4f029-7c91-4a42-9fa4-3e5db61ee416','3bab0308-333d-4ed4-bcb0-ec02231a703c',1,'2026-02-22T00:38:14.984Z','2026-02-22T00:38:14.984Z');
INSERT OR IGNORE INTO "CartItem" ("id","userId","productId","quantity","createdAt","updatedAt") VALUES ('55c8f5ac-960b-42d1-8d6d-5aa52565a1ca','224d8878-7956-404a-94fc-7ee823ac14f0','62ccd9c5-fdc4-41e6-a8ed-bee373eb0196',1,'2026-02-23T04:21:53.087Z','2026-02-23T04:21:53.087Z');
INSERT OR IGNORE INTO "CartItem" ("id","userId","productId","quantity","createdAt","updatedAt") VALUES ('97043bcf-5a40-4447-a04f-b811f14d273a','d2193260-8071-461d-923b-c52fb13e6482','0417ac5f-ccb3-4ae1-92a5-5b781953af32',1,'2026-02-23T05:34:15.942Z','2026-02-23T05:34:15.942Z');
INSERT OR IGNORE INTO "CartItem" ("id","userId","productId","quantity","createdAt","updatedAt") VALUES ('378b3132-1088-43d3-a0a7-bc1b776be334','21301be9-528f-4d60-bcd1-5398ad25e343','0417ac5f-ccb3-4ae1-92a5-5b781953af32',1,'2026-02-23T10:20:13.823Z','2026-02-23T10:20:13.823Z');
INSERT OR IGNORE INTO "Notification" ("id","userId","type","title","content","link","isRead","createdAt","updatedAt") VALUES ('fa284653-07ec-4d1e-80fe-3a69aa29fab8','d2193260-8071-461d-923b-c52fb13e6482','ORDER_STATUS','주문이 배송 중입니다 📦','주문하신 상품이 배송 중입니다. 곧 도착할 예정이니 조금만 기다려주세요!','/my/orders',0,'2026-02-20T09:57:40.100Z','2026-02-20T09:57:40.100Z');
INSERT OR IGNORE INTO "Notification" ("id","userId","type","title","content","link","isRead","createdAt","updatedAt") VALUES ('94aeceb7-d196-497e-8a46-29a9008ee35d','d2193260-8071-461d-923b-c52fb13e6482','ANNOUNCEMENT','신규 쿠폰이 발급되었습니다 🎁','WELCOME10K 쿠폰으로 10,000원 할인받으세요! 주문 시 바로 사용 가능합니다.','/shop',0,'2026-02-20T09:57:40.105Z','2026-02-20T09:57:40.105Z');
